doc_id,rouge1,rouge2,rougeL
A00-1031,0.1111111111111111,0.022727272727272728,0.08888888888888888
A00-1043,0.12199870214146656,0.07147498375568552,0.0700843608046723
A00-2004,0.3157894736842105,0.07142857142857142,0.22807017543859648
A00-2009,0.31818181818181823,0.061538461538461535,0.1818181818181818
A00-2018,0.5,0.4315789473684211,0.5
A00-2019,0.3137254901960785,0.026490066225165566,0.1699346405228758
A00-2024,0.4466019417475728,0.12745098039215688,0.23300970873786409
A00-2026,0.37121212121212127,0.12213740458015267,0.2121212121212121
A00-2030,0.3516483516483516,0.2471910112359551,0.3076923076923077
A00-2031,0.018433179723502308,0.0,0.018433179723502308
A00-2034,0.43749999999999994,0.16455696202531647,0.3125
A88-1019,0.0520446096654275,0.0,0.03717472118959108
A92-1018,0.1579257513258692,0.1191740412979351,0.09428403064230996
A92-1021,0.4050632911392405,0.2553191489361702,0.33755274261603374
A94-1006,0.20363636363636364,0.0586080586080586,0.10181818181818182
A94-1009,0.3384615384615385,0.09652509652509653,0.16538461538461538
A97-1004,0.3466666666666667,0.09459459459459459,0.24000000000000005
A97-1011,0.34074074074074073,0.030075187969924814,0.2074074074074074
A97-1014,0.28358208955223885,0.07575757575757576,0.19402985074626866
A97-1029,0.3023255813953488,0.047058823529411764,0.16279069767441862
A97-1030,0.08108108108108109,0.0,0.08108108108108109
A97-1052,0.033090297251822776,0.016835016835016835,0.022434099831744252
C02-1011,0.5069124423963134,0.2604651162790698,0.35023041474654376
C02-1054,0.09374999999999999,0.015873015873015872,0.06250000000000001
C02-1114,0.31351351351351353,0.04371584699453552,0.1837837837837838
C02-1144,0.4678899082568807,0.2592592592592593,0.3486238532110092
C02-1150,0.4595744680851064,0.18884120171673818,0.2893617021276596
C04-1010,0.35779816513761464,0.09259259259259259,0.2201834862385321
C04-1024,0.29166666666666663,0.12765957446808512,0.18749999999999997
C04-1041,0.44081632653061226,0.1810699588477366,0.2857142857142857
C04-1051,0.3048327137546468,0.04494382022471911,0.1858736059479554
C04-1059,0.3236994219653179,0.0935672514619883,0.20809248554913293
C04-1072,0.44565217391304346,0.19780219780219782,0.2391304347826087
C04-1080,0.44144144144144143,0.09999999999999999,0.21621621621621623
C04-1081,0.20754716981132076,0.11538461538461539,0.1320754716981132
C04-1111,0.4467005076142132,0.23589743589743592,0.3147208121827411
C04-1146,0.30769230769230765,0.046511627906976744,0.16153846153846155
C04-1197,0.20689655172413793,0.0694980694980695,0.13026819923371646
C04-1200,0.17687074829931973,0.03424657534246575,0.12244897959183673
C08-1018,0.33884297520661155,0.08333333333333333,0.21487603305785125
C08-1022,0.29824561403508776,0.08928571428571427,0.15789473684210525
C08-1098,0.044444444444444446,0.022727272727272724,0.044444444444444446
C08-1107,0.4,0.09022556390977444,0.20740740740740743
C08-1109,0.36477987421383645,0.15286624203821655,0.2893081761006289
C08-1114,0.31527093596059114,0.08955223880597014,0.17733990147783252
C10-1011,0.10227272727272728,0.022988505747126436,0.07954545454545453
C10-1152,0.41891891891891897,0.12328767123287673,0.2162162162162162
C10-2005,0.49785407725321884,0.22510822510822512,0.2575107296137339
C10-2028,0.3983050847457627,0.1623931623931624,0.24576271186440676
C86-1045,0.24615384615384614,0.03125,0.15384615384615383
C90-2067,0.703030303030303,0.5521472392638038,0.6787878787878787
C90-3045,0.2352941176470588,0.029585798816568046,0.12941176470588234
C92-1019,0.2616822429906542,0.08490566037735849,0.14953271028037385
C94-1079,0.17,0.06060606060606061,0.14
C94-2178,0.46428571428571425,0.22891566265060243,0.35714285714285715
C94-2195,0.29850746268656714,0.13636363636363638,0.23880597014925375
C96-1021,0.30340557275541796,0.04361370716510904,0.1671826625386997
C96-2141,0.3539823008849557,0.05357142857142857,0.19469026548672566
D07-1002,0.38926174496644295,0.12244897959183675,0.2684563758389262
D07-1003,0.2711864406779661,0.08,0.1694915254237288
D07-1007,0.21722846441947566,0.03018867924528302,0.11235955056179776
D07-1031,0.42748091603053434,0.12307692307692307,0.2977099236641221
D07-1043,0.39423076923076916,0.08737864077669903,0.23076923076923078
D07-1061,0.4482758620689655,0.11805555555555557,0.20689655172413793
D07-1071,0.3668639053254438,0.11976047904191615,0.21301775147928995
D07-1072,0.22222222222222218,0.1509433962264151,0.22222222222222218
D07-1076,0.27385892116182575,0.16736401673640167,0.19087136929460582
D07-1077,0.5170731707317073,0.33497536945812806,0.40975609756097564
D07-1080,0.30526315789473685,0.10638297872340424,0.19999999999999998
D07-1090,0.3626373626373626,0.04444444444444444,0.16483516483516483
D07-1091,0.3468208092485549,0.1169590643274854,0.2543352601156069
D07-1096,0.19642857142857145,0.05454545454545455,0.125
D07-1097,0.37209302325581395,0.14084507042253522,0.20465116279069767
D07-1101,0.41450777202072536,0.15706806282722516,0.2383419689119171
D07-1103,0.45033112582781454,0.1610738255033557,0.34437086092715236
D07-1104,0.3763440860215053,0.08695652173913043,0.25806451612903225
D07-1109,0.1,0.05128205128205128,0.1
D07-1111,0.22093023255813954,0.0823529411764706,0.1395348837209302
D07-1114,0.41201716738197425,0.05194805194805195,0.22317596566523606
D08-1011,0.5027932960893855,0.2598870056497175,0.4022346368715084
D08-1014,0.43613707165109034,0.14420062695924768,0.22429906542056074
D08-1016,0.08247422680412372,0.042105263157894736,0.08247422680412372
D08-1020,0.3617021276595745,0.053763440860215055,0.19148936170212763
D08-1021,0.4458598726114649,0.1935483870967742,0.3184713375796178
D08-1022,0.7438016528925621,0.625,0.7107438016528925
D08-1024,0.07954545454545454,0.022988505747126436,0.056818181818181816
D08-1027,0.47232472324723246,0.13382899628252787,0.24354243542435425
D08-1031,0.4636363636363637,0.16513761467889906,0.2
D08-1035,0.38759689922480617,0.13281250000000003,0.23255813953488372
D08-1036,0.1171171171171171,0.018181818181818184,0.09009009009009009
D08-1059,0.44808743169398907,0.1988950276243094,0.28415300546448086
D08-1065,0.3333333333333333,0.15217391304347827,0.22580645161290325
D08-1068,0.25,0.04000000000000001,0.14473684210526316
D08-1076,0.08205128205128205,0.031088082901554407,0.08205128205128205
D08-1082,0.4343434343434343,0.16326530612244897,0.25252525252525254
D08-1083,0.4978540772532189,0.3376623376623376,0.33476394849785407
D08-1089,0.3418803418803419,0.09482758620689653,0.1623931623931624
D08-1092,0.41295546558704455,0.13877551020408163,0.242914979757085
D09-1001,0.4585365853658537,0.08866995073891627,0.25365853658536586
D09-1005,0.3783783783783784,0.08181818181818183,0.22522522522522523
D09-1026,0.2803738317757009,0.03773584905660377,0.12149532710280372
D09-1030,0.2738095238095238,0.10843373493975904,0.15476190476190477
D09-1058,0.35779816513761464,0.09259259259259259,0.1926605504587156
D09-1086,0.33505154639175255,0.04663212435233161,0.1443298969072165
D09-1092,0.3764705882352941,0.13095238095238096,0.22352941176470587
D09-1098,0.2727272727272727,0.17105263157894735,0.23376623376623376
D09-1101,0.2091503267973856,0.02649006622516556,0.130718954248366
D09-1120,0.34756097560975613,0.0736196319018405,0.1402439024390244
D09-1127,0.3737373737373737,0.09183673469387756,0.2222222222222222
D09-1159,0.38461538461538464,0.12222222222222222,0.21978021978021978
D10-1001,0.4451827242524917,0.12709030100334448,0.2325581395348837
D10-1044,0.33879781420765026,0.07734806629834254,0.15300546448087432
D10-1048,0.5947521865889214,0.3343108504398827,0.3731778425655977
D10-1115,0.3128491620111732,0.03389830508474577,0.1564245810055866
D10-1119,0.4154929577464789,0.12056737588652483,0.20422535211267606
D10-1120,0.39572192513368987,0.1081081081081081,0.2887700534759358
D10-1124,0.3285024154589372,0.02926829268292683,0.14492753623188404
D10-1125,0.4052287581699346,0.11920529801324503,0.23529411764705882
D11-1006,0.37499999999999994,0.08148148148148147,0.21323529411764705
D11-1014,0.4023668639053254,0.08383233532934133,0.23668639053254437
D11-1033,0.36529680365296807,0.05529953917050691,0.18264840182648404
D11-1062,0.3569023569023569,0.09491525423728815,0.18181818181818182
D11-1125,0.0410958904109589,0.02777777777777778,0.0410958904109589
D11-1129,0.13636363636363635,0.030769230769230767,0.0909090909090909
D11-1141,0.27210884353741494,0.06896551724137931,0.16326530612244897
D11-1142,0.33472803347280333,0.09282700421940929,0.18410041841004182
D12-1050,0.27906976744186046,0.056338028169014086,0.16744186046511628
D12-1133,0.4406779661016949,0.2931034482758621,0.42372881355932196
E03-1005,0.27624309392265195,0.04469273743016759,0.16574585635359115
E03-1008,0.42500000000000004,0.17721518987341772,0.25
E03-1009,0.33333333333333337,0.10526315789473685,0.21875
E03-1071,0.4269662921348315,0.14772727272727273,0.24719101123595508
E03-1076,0.360655737704918,0.07734806629834254,0.16393442622950818
E06-1002,0.2748091603053435,0.09302325581395349,0.24427480916030533
E06-1005,0.5714285714285715,0.25092250922509224,0.33699633699633696
E06-1011,0.4615384615384615,0.203125,0.3384615384615385
E06-1015,0.3842794759825327,0.14096916299559473,0.21834061135371177
E06-1025,0.3194444444444445,0.16083916083916083,0.22222222222222224
E06-1027,0.20444444444444443,0.07174887892376683,0.12444444444444443
E06-1031,0.4370860927152318,0.24161073825503354,0.2649006622516556
E06-1032,0.3548387096774194,0.10869565217391304,0.2043010752688172
E06-1038,0.38636363636363635,0.14942528735632185,0.22727272727272727
E06-1040,0.38497652582159625,0.08530805687203791,0.1971830985915493
E06-1042,0.3560606060606061,0.09923664122137404,0.196969696969697
E06-1043,0.33870967741935487,0.0983606557377049,0.22580645161290322
E06-1051,0.304635761589404,0.07999999999999999,0.17218543046357618
E09-1005,0.4129032258064516,0.10457516339869281,0.24516129032258063
E09-1013,0.3796296296296296,0.10280373831775702,0.2222222222222222
E89-1009,0.2222222222222222,0.0875,0.14814814814814817
E89-1037,0.3888888888888889,0.1408450704225352,0.27777777777777773
E99-1001,0.3067484662576687,0.08641975308641975,0.20245398773006135
E99-1010,0.39024390243902435,0.1983471074380165,0.2764227642276423
E99-1023,0.3315508021390374,0.1081081081081081,0.160427807486631
H05-1010,0.32999999999999996,0.06060606060606061,0.21000000000000002
H05-1011,0.3,0.08860759493670887,0.16249999999999998
H05-1012,0.3119266055045872,0.09345794392523364,0.23853211009174313
H05-1021,0.18487394957983194,0.017094017094017092,0.11764705882352941
H05-1043,0.3068181818181818,0.09195402298850575,0.1931818181818182
H05-1044,0.25092250922509224,0.08921933085501858,0.12546125461254612
H05-1045,0.5422222222222223,0.34977578475336324,0.43555555555555553
H05-1053,0.41454545454545455,0.19780219780219782,0.24727272727272726
H05-1059,0.4583333333333333,0.15789473684210525,0.3125
H05-1066,0.34285714285714286,0.09248554913294796,0.16
H05-1073,0.19277108433734938,0.07317073170731708,0.1325301204819277
H05-1079,0.3755458515283843,0.05286343612334802,0.17467248908296945
H05-1091,0.3851851851851852,0.09022556390977443,0.23703703703703705
I05-2038,0.3008130081300813,0.08196721311475409,0.16260162601626016
I05-3017,0.27428571428571424,0.08092485549132948,0.20571428571428574
I05-3027,0.2361111111111111,0.1267605633802817,0.16666666666666669
I08-1059,0.42603550295857984,0.16766467065868265,0.3076923076923077
J00-1004,0.9163636363636365,0.8351648351648352,0.9018181818181817
J00-2004,0.2189189189189189,0.19783197831978322,0.2
J00-3003,0.0879120879120879,0.0,0.04395604395604395
J00-3004,0.6451612903225807,0.5869565217391304,0.6344086021505376
J00-4003,0.9781021897810219,0.9333333333333335,0.9635036496350365
J00-4005,0.966183574879227,0.9365853658536586,0.966183574879227
J01-2001,0.9444444444444444,0.8878504672897196,0.9444444444444444
J01-2002,0.9344978165938865,0.8722466960352422,0.925764192139738
J01-2004,0.9570552147239264,0.9197530864197531,0.9570552147239264
J01-3001,0.654320987654321,0.6,0.6419753086419753
J01-3003,0.8072289156626505,0.7757575757575759,0.8072289156626505
J01-4004,0.7136563876651981,0.6844444444444445,0.7048458149779736
J02-1002,0.11320754716981131,0.09615384615384615,0.11320754716981131
J02-1003,0.921875,0.8730158730158731,0.921875
J02-2003,0.9002849002849003,0.8595988538681948,0.8945868945868947
J02-3001,0.2986111111111111,0.24475524475524477,0.2708333333333333
J02-4002,0.9585798816568047,0.9404761904761904,0.9526627218934911
J03-1002,0.1407035175879397,0.0,0.10050251256281408
J03-1003,0.9653179190751444,0.9244186046511628,0.9595375722543353
J03-1005,0.27053140096618356,0.23414634146341465,0.2608695652173913
J03-3002,0.19548872180451127,0.183206106870229,0.19548872180451127
J03-3005,0.3008849557522124,0.2882882882882883,0.3008849557522124
J03-4003,0.9322916666666667,0.8743455497382199,0.9322916666666667
J03-4004,0.9043478260869565,0.8688046647230321,0.8985507246376813
J04-1002,0.7482014388489209,0.7101449275362318,0.7482014388489209
J04-1005,0.1616161616161616,0.020618556701030927,0.0808080808080808
J04-2003,0.8571428571428571,0.8045977011494253,0.8514285714285714
J04-3002,0.8306709265175718,0.7909967845659164,0.8306709265175718
J04-4002,0.8035190615835777,0.6961651917404129,0.7741935483870969
J04-4004,0.1702127659574468,0.15053763440860213,0.1702127659574468
J05-1003,0.5619047619047619,0.5358851674641149,0.5523809523809524
J05-3002,0.8216216216216216,0.7978142076502732,0.8216216216216216
J05-4003,0.9689922480620156,0.9218749999999999,0.9612403100775194
J06-3003,0.5365853658536585,0.39877300613496935,0.4817073170731708
J07-2003,0.8804347826086957,0.8241758241758241,0.8804347826086957
J07-3004,0.08391608391608392,0.07092198581560283,0.08391608391608392
J07-4004,0.33495145631067963,0.2975609756097561,0.32038834951456313
J08-1001,0.9560975609756097,0.9261083743842364,0.9560975609756097
J08-1002,0.8275862068965518,0.7575757575757576,0.8189655172413794
J08-2002,0.6916666666666667,0.6722689075630252,0.6833333333333333
J08-4003,0.7543520309477756,0.7184466019417476,0.7388781431334625
J08-4004,0.36809815950920244,0.14906832298136646,0.2085889570552147
J09-3003,0.8624999999999999,0.8075313807531381,0.8541666666666667
J10-3003,0.9606299212598426,0.8968253968253969,0.952755905511811
J10-4006,0.7688172043010753,0.7135135135135134,0.7634408602150538
J80-3003,0.9693251533742332,0.9192546583850932,0.9570552147239264
J81-4003,0.20408163265306126,0.0851063829787234,0.12244897959183675
J82-3004,0.060231660231660225,0.007733952049497295,0.04169884169884169
J86-3001,0.766884531590414,0.7308533916849016,0.7625272331154684
J87-1004,0.7511961722488038,0.6586538461538461,0.7416267942583732
J87-1005,0.5955056179775281,0.5568181818181818,0.5955056179775281
J88-1003,0.02217741935483871,0.008069939475453935,0.01747311827956989
J88-2003,0.6946778711484594,0.6535211267605635,0.689075630252101
J88-2006,0.9224137931034483,0.8347826086956522,0.9224137931034483
J90-1003,0.1445086705202312,0.011627906976744184,0.08092485549132948
J90-1004,0.9693251533742332,0.9316770186335404,0.9693251533742332
J90-2002,0.6181818181818182,0.4528301886792452,0.6181818181818182
J91-1002,0.028368794326241138,0.0,0.028368794326241138
J91-1003,0.8178694158075602,0.726643598615917,0.8109965635738832
J91-4003,0.25316455696202533,0.2297872340425532,0.25316455696202533
J92-1001,0.9646302250803858,0.9255663430420712,0.9646302250803858
J92-1004,0.8111455108359132,0.7289719626168224,0.8049535603715169
J92-4003,0.9937106918238994,0.9681528662420382,0.9811320754716981
J92-4007,0.03870967741935484,0.0,0.025806451612903226
J93-1002,0.027131782945736434,0.00970873786407767,0.02131782945736434
J93-1003,0.856060606060606,0.8091603053435116,0.856060606060606
J93-1004,0.6319569120287253,0.5909909909909911,0.6319569120287253
J93-1005,0.991869918699187,0.9586776859504132,0.975609756097561
J93-1006,0.05160857908847185,0.018108651911468814,0.03619302949061662
J93-1007,0.46621621621621623,0.37414965986394555,0.44594594594594594
J93-2002,0.6475409836065574,0.5785123966942148,0.6311475409836066
J93-2003,0.7752442996742672,0.7344262295081967,0.762214983713355
J93-2005,0.9664804469273743,0.9269662921348314,0.9664804469273743
J93-2006,0.2105263157894737,0.01183431952662722,0.1286549707602339
J93-3003,0.5611940298507462,0.5465465465465466,0.5611940298507462
J94-2001,0.6338028169014085,0.6028368794326241,0.6338028169014085
J94-3001,0.9473684210526316,0.9066666666666667,0.9473684210526316
J94-4001,0.47019867549668876,0.4466666666666666,0.47019867549668876
J94-4002,0.15384615384615385,0.14728682170542634,0.15384615384615385
J94-4003,0.9060402684563759,0.8445945945945946,0.9060402684563759
J95-2002,0.0449438202247191,0.03409090909090909,0.0449438202247191
J95-2003,0.2738095238095238,0.012048192771084338,0.11904761904761904
J95-4004,0.5140186915887851,0.4622641509433962,0.5046728971962617
J96-1001,0.7518248175182483,0.6102941176470588,0.7080291970802919
J96-1002,0.6666666666666666,0.6612903225806451,0.6666666666666666
J96-2004,0.8777777777777778,0.8426966292134832,0.8777777777777778
J96-3004,0.09334248455730955,0.03711340206185567,0.05078929306794784
J97-1002,0.9855072463768115,0.9850746268656716,0.9855072463768115
J97-1003,0.6333333333333334,0.5168539325842696,0.5777777777777777
J97-1005,0.8546511627906977,0.8128654970760234,0.8430232558139535
J97-2003,0.8390243902439023,0.7881773399014778,0.8292682926829269
J97-3002,0.9484536082474228,0.8719723183391003,0.9484536082474228
J97-3003,0.8454545454545456,0.8073394495412843,0.8454545454545456
J97-4005,0.2681564245810056,0.23728813559322032,0.2681564245810056
J98-1006,0.9494949494949495,0.9081632653061225,0.9494949494949495
J98-2001,0.6814404432132966,0.6462395543175488,0.6648199445983379
J98-2002,0.46153846153846145,0.4383561643835616,0.45248868778280543
J98-2004,0.4492753623188406,0.4411764705882353,0.4492753623188406
J98-3005,0.3884892086330935,0.35036496350364965,0.3741007194244605
J98-4003,0.4195804195804196,0.32624113475177313,0.34965034965034963
J98-4004,0.9589905362776024,0.8952380952380952,0.9526813880126183
J99-1003,0.09649122807017545,0.04424778761061947,0.06140350877192982
J99-2004,0.8454106280193238,0.8058252427184467,0.8405797101449275
J99-3001,0.08839779005524862,0.07821229050279328,0.08839779005524862
J99-4004,0.5252525252525253,0.37755102040816324,0.31313131313131315
J99-4005,0.8543689320388349,0.7843137254901961,0.8543689320388349
N01-1006,0.23529411764705882,0.1188118811881188,0.17647058823529413
N01-1008,0.1822033898305085,0.025531914893617016,0.10593220338983052
N01-1011,0.3248730964467005,0.08205128205128205,0.2233502538071066
N01-1016,0.4886363636363637,0.1264367816091954,0.25000000000000006
N01-1020,0.04884430876580898,0.013967699694456569,0.030527692978630613
N01-1021,0.19858156028368795,0.014388489208633093,0.14184397163120568
N01-1023,0.3794871794871795,0.09326424870466321,0.19487179487179485
N01-1024,0.3214285714285714,0.08108108108108109,0.18750000000000003
N01-1025,0.2972972972972973,0.136986301369863,0.21621621621621623
N01-1026,0.14705882352941177,0.0,0.08823529411764706
N03-1003,0.26459143968871596,0.0627450980392157,0.14785992217898833
N03-1014,0.1142857142857143,0.0,0.09523809523809523
N03-1016,0.13636363636363635,0.04597701149425288,0.09090909090909091
N03-1017,0.37914691943127954,0.08612440191387559,0.2274881516587678
N03-1020,0.3026315789473685,0.09333333333333332,0.15789473684210528
N03-1021,0.1141322591473649,0.05710446758481693,0.07116482040953341
N03-1022,0.4419475655430712,0.10566037735849057,0.20973782771535582
N03-1024,0.3,0.05084745762711865,0.15
N03-1026,0.4137931034482759,0.13888888888888887,0.20000000000000004
N03-1028,0.367816091954023,0.0694980694980695,0.15325670498084293
N03-1030,0.5986394557823129,0.4137931034482759,0.46258503401360546
N03-1033,0.3144654088050315,0.07643312101910828,0.18867924528301885
N03-2002,0.30901287553648066,0.10389610389610389,0.20600858369098715
N04-1001,0.2543352601156069,0.1286549707602339,0.20809248554913298
N04-1013,0.2054794520547945,0.055555555555555546,0.1780821917808219
N04-1014,0.2748091603053435,0.0,0.13740458015267176
N04-1016,0.25142857142857145,0.08092485549132948,0.12571428571428572
N04-1019,0.3297872340425532,0.11827956989247314,0.23404255319148934
N04-1021,0.38095238095238093,0.106951871657754,0.2433862433862434
N04-1022,0.5519999999999999,0.27419354838709675,0.288
N04-1023,0.4358974358974359,0.15584415584415584,0.3205128205128205
N04-1025,0.411214953271028,0.0877742946708464,0.1806853582554517
N04-1030,0.2828282828282828,0.08247422680412371,0.202020202020202
N04-1033,0.14814814814814814,0.030075187969924814,0.10370370370370371
N04-1035,0.1917808219178082,0.0,0.1095890410958904
N04-1041,0.29545454545454547,0.11627906976744186,0.20454545454545456
N04-1042,0.13836477987421383,0.012738853503184712,0.06289308176100629
N04-1043,0.345945945945946,0.0546448087431694,0.22702702702702704
N04-3012,0.3422459893048128,0.11891891891891893,0.21390374331550802
N04-4015,0.4230769230769231,0.17475728155339804,0.2980769230769231
N04-4026,0.4460431654676259,0.15942028985507248,0.237410071942446
N06-1003,0.01680672268907563,0.0,0.01680672268907563
N06-1006,0.3664921465968587,0.052910052910052914,0.17801047120418848
N06-1011,0.38493723849372385,0.08438818565400844,0.2259414225941423
N06-1014,0.3936170212765957,0.08602150537634408,0.19148936170212766
N06-1020,0.3776223776223776,0.14184397163120568,0.2517482517482518
N06-1025,0.40944881889763785,0.11200000000000002,0.31496062992125984
N06-1033,0.3919597989949749,0.06091370558375634,0.16080402010050254
N06-1039,0.15841584158415842,0.0,0.09900990099009901
N06-1041,0.44554455445544555,0.19999999999999998,0.21782178217821782
N06-1056,0.5423728813559323,0.3076923076923077,0.3644067796610169
N06-1058,0.5882352941176472,0.32142857142857145,0.4000000000000001
N06-2013,0.6700507614213198,0.43076923076923074,0.5177664974619289
N06-2015,0.4645161290322581,0.3660130718954248,0.4516129032258065
N06-2033,0.3829787234042554,0.17391304347826086,0.2553191489361702
N07-1011,0.37288135593220334,0.09142857142857141,0.20338983050847456
N07-1018,0.23255813953488372,0.03529411764705882,0.1511627906976744
N07-1023,0.1777777777777778,0.10526315789473684,0.14814814814814814
N07-1029,0.4166666666666667,0.18691588785046728,0.24074074074074076
N07-1030,0.28368794326241137,0.05755395683453238,0.12765957446808512
N07-1038,0.4166666666666667,0.11188811188811189,0.2361111111111111
N07-1047,0.4331210191082802,0.20645161290322583,0.2802547770700637
N07-1051,0.28717948717948716,0.08290155440414507,0.1641025641025641
N07-1071,0.4227642276422764,0.18181818181818182,0.22764227642276424
N09-1003,0.3506493506493506,0.09210526315789473,0.24675324675324675
N09-1009,0.37168141592920356,0.09821428571428571,0.18584070796460178
N09-1012,0.26291079812206575,0.02843601895734597,0.14084507042253522
N09-1025,0.15,0.02564102564102564,0.15
N09-1028,0.34188034188034183,0.08695652173913043,0.18803418803418803
N09-1036,0.23668639053254437,0.035928143712574856,0.11834319526627218
N09-1037,0.4180327868852459,0.14049586776859505,0.21311475409836067
N09-1041,0.3383084577114428,0.10050251256281408,0.1990049751243781
N09-1046,0.38000000000000006,0.09090909090909091,0.2
N09-2004,0.22988505747126434,0.023255813953488372,0.13793103448275865
N10-1013,0.39999999999999997,0.07253886010362696,0.17435897435897438
N10-1019,0.4796747967479674,0.13934426229508196,0.26829268292682923
N10-1020,0.43956043956043955,0.16666666666666666,0.2637362637362637
N10-1056,0.37583892617449666,0.08163265306122448,0.18791946308724833
N10-1061,0.37433155080213903,0.10810810810810811,0.21390374331550802
N10-1063,0.3025210084033613,0.06779661016949153,0.15126050420168066
N10-1115,0.3278688524590164,0.07260726072607261,0.1704918032786885
N10-1119,0.2887700534759358,0.15135135135135133,0.24598930481283418
N12-1047,0.0,0.0,0.0
N12-1052,0.4705882352941177,0.25742574257425743,0.3431372549019608
N12-1067,0.47126436781609193,0.24418604651162787,0.3333333333333333
N13-1039,0.2878228782287823,0.06691449814126393,0.16236162361623616
N13-1090,0.398406374501992,0.13654618473895583,0.199203187250996
P00-1010,0.41935483870967744,0.08196721311475409,0.25806451612903225
P00-1016,0.35294117647058826,0.08547008547008547,0.2184873949579832
P00-1027,0.16455696202531644,0.012738853503184716,0.10759493670886075
P00-1037,0.45588235294117646,0.14925373134328357,0.2647058823529412
P00-1041,0.34972677595628415,0.08839779005524863,0.16393442622950818
P00-1056,0.4099378881987578,0.12578616352201258,0.23602484472049692
P00-1058,0.20183486238532108,0.037383177570093455,0.12844036697247704
P00-1065,0.3050847457627119,0.03448275862068966,0.1694915254237288
P00-1071,0.1818181818181818,0.03703703703703704,0.1272727272727273
P01-1005,0.42307692307692313,0.07766990291262135,0.23076923076923078
P01-1008,0.2982456140350877,0.07964601769911504,0.15789473684210528
P01-1017,0.42827442827442824,0.10438413361169104,0.20790020790020788
P01-1019,0.24561403508771928,0.0,0.19298245614035087
P01-1025,0.21739130434782608,0.13333333333333333,0.1956521739130435
P01-1030,0.40740740740740744,0.1125,0.2222222222222222
P01-1064,0.40310077519379844,0.15748031496062992,0.27906976744186046
P01-1067,0.3618090452261306,0.07106598984771574,0.15075376884422112
P02-1001,0.16077170418006428,0.025889967637540454,0.13504823151125403
P02-1006,0.3804347826086957,0.08791208791208792,0.2391304347826087
P02-1014,0.3067484662576687,0.049689440993788817,0.147239263803681
P02-1017,0.3333333333333333,0.07608695652173914,0.22580645161290322
P02-1018,0.434108527131783,0.15625,0.24031007751937983
P02-1019,0.23225806451612907,0.03921568627450981,0.16774193548387098
P02-1022,0.06346863468634688,0.015509601181683902,0.03985239852398525
P02-1031,0.20370370370370372,0.018867924528301886,0.12962962962962962
P02-1033,0.041493775933609964,0.008368200836820083,0.041493775933609964
P02-1034,0.21390374331550802,0.05405405405405406,0.1497326203208556
P02-1035,0.5355648535564854,0.24472573839662445,0.33472803347280333
P02-1038,0.3493975903614458,0.07317073170731707,0.15662650602409636
P02-1039,0.3645320197044335,0.10945273631840796,0.20689655172413793
P02-1040,0.44970414201183434,0.16766467065868265,0.2603550295857988
P02-1042,0.1864406779661017,0.03448275862068966,0.13559322033898308
P02-1043,0.12631578947368421,0.043010752688172046,0.12631578947368421
P02-1046,0.20312499999999997,0.0,0.15625
P02-1047,0.37583892617449666,0.17687074829931973,0.24161073825503354
P02-1050,0.1342281879194631,0.0,0.10738255033557047
P02-1051,0.40287769784172667,0.16058394160583944,0.2589928057553957
P02-1053,0.6253869969040248,0.36137071651090347,0.43343653250773995
P02-1060,0.3316582914572865,0.11167512690355329,0.24120603015075373
P02-1062,0.3146067415730337,0.12075471698113206,0.16479400749063672
P03-1001,0.32142857142857145,0.07913669064748202,0.19285714285714287
P03-1002,0.3333333333333333,0.14893617021276595,0.25
P03-1003,0.3386243386243386,0.0641711229946524,0.21164021164021163
P03-1004,0.4743083003952569,0.21513944223107573,0.308300395256917
P03-1009,0.4819277108433735,0.23170731707317072,0.3734939759036145
P03-1010,0.28395061728395066,0.1625,0.19753086419753088
P03-1011,0.3517587939698492,0.1218274111675127,0.21105527638190952
P03-1012,0.42105263157894735,0.15384615384615385,0.26900584795321636
P03-1013,0.5123152709359606,0.3184079601990049,0.4236453201970443
P03-1019,0.17670682730923695,0.01619433198380567,0.12048192771084339
P03-1021,0.3954802259887006,0.14857142857142858,0.20338983050847456
P03-1022,0.4173913043478261,0.10619469026548672,0.2434782608695652
P03-1023,0.4947368421052632,0.276595744680851,0.368421052631579
P03-1029,0.3973509933774835,0.10738255033557047,0.2119205298013245
P03-1035,0.5617977528089889,0.339622641509434,0.4194756554307116
P03-1044,0.4317180616740089,0.13333333333333333,0.24669603524229072
P03-1054,0.08529319535904674,0.015688735487919676,0.04829100031357793
P03-1056,0.014440433212996389,0.0,0.012033694344163657
P03-1058,0.36875,0.06918238993710692,0.17500000000000002
P03-1069,0.4216867469879518,0.12195121951219512,0.2289156626506024
P03-1071,0.25316455696202533,0.03846153846153846,0.12658227848101267
P03-2026,0.38341968911917096,0.11518324607329843,0.18652849740932642
P03-2041,0.2798353909465021,0.06639004149377593,0.14814814814814814
P04-1005,0.5147058823529411,0.11940298507462688,0.3235294117647059
P04-1013,0.47346938775510206,0.18106995884773663,0.22857142857142854
P04-1014,0.5398773006134969,0.19875776397515527,0.3067484662576687
P04-1015,0.5739910313901345,0.27149321266968324,0.37668161434977576
P04-1018,0.5053763440860214,0.25,0.3548387096774193
P04-1021,0.22222222222222224,0.04511278195488722,0.1037037037037037
P04-1035,0.25,0.02197802197802198,0.15217391304347827
P04-1036,0.2571428571428571,0.038461538461538464,0.14285714285714285
P04-1041,0.43018867924528303,0.15209125475285173,0.21132075471698117
P04-1043,0.40522875816993464,0.10596026490066225,0.24836601307189543
P04-1053,0.42,0.15151515151515152,0.19999999999999998
P04-1054,0.3005181347150259,0.05235602094240838,0.14507772020725387
P04-1056,0.19642857142857142,0.0909090909090909,0.10714285714285714
P04-1061,0.23140495867768596,0.05,0.18181818181818182
P04-1066,0.27848101265822783,0.07792207792207792,0.17721518987341772
P04-1075,0.3764705882352941,0.08333333333333334,0.1764705882352941
P04-1077,0.10533910533910534,0.05346820809248555,0.06493506493506493
P04-1083,0.5340314136125655,0.2645502645502646,0.32460732984293195
P04-1085,0.6039603960396039,0.39999999999999997,0.4455445544554455
P04-3022,0.4144144144144145,0.09174311926605504,0.16216216216216217
P05-1001,0.40579710144927533,0.15609756097560976,0.2898550724637681
P05-1010,0.21311475409836067,0.09999999999999999,0.18032786885245902
P05-1011,0.45762711864406785,0.2068965517241379,0.3220338983050847
P05-1012,0.3191489361702128,0.021739130434782608,0.19148936170212766
P05-1013,0.344,0.08870967741935484,0.184
P05-1015,0.3261802575107296,0.10389610389610389,0.1716738197424893
P05-1017,0.45370370370370366,0.28971962616822433,0.35185185185185186
P05-1018,0.41379310344827586,0.12935323383084577,0.27586206896551724
P05-1020,0.20454545454545456,0.046511627906976744,0.1590909090909091
P05-1022,0.3619047619047619,0.11538461538461538,0.21904761904761905
P05-1033,0.3603603603603604,0.11009174311926606,0.25225225225225223
P05-1034,0.05607476635514019,0.03809523809523809,0.05607476635514019
P05-1036,0.4090909090909091,0.1724137931034483,0.29545454545454547
P05-1044,0.13008130081300814,0.04958677685950413,0.11382113821138211
P05-1045,0.4791666666666667,0.13986013986013987,0.2569444444444445
P05-1047,0.2894736842105263,0.09933774834437085,0.18421052631578946
P05-1052,0.458498023715415,0.1593625498007968,0.2924901185770751
P05-1053,0.6188679245283019,0.3650190114068442,0.47547169811320755
P05-1057,0.6451612903225806,0.47058823529411764,0.5548387096774193
P05-1059,0.22058823529411767,0.029850746268656712,0.11764705882352941
P05-1065,0.40404040404040403,0.16326530612244897,0.19191919191919193
P05-1066,0.7298245614035087,0.5583038869257951,0.6035087719298246
P05-1067,0.427860696517413,0.1407035175879397,0.29850746268656714
P05-1071,0.10666666666666667,0.0,0.08
P05-1072,0.3686274509803921,0.06324110671936757,0.18823529411764706
P05-1073,0.28965517241379307,0.055944055944055944,0.13793103448275862
P05-1074,0.3361344537815126,0.07627118644067796,0.19327731092436976
P05-1077,0.3157894736842105,0.07446808510638298,0.2105263157894737
P05-2008,0.12068965517241378,0.017543859649122806,0.10344827586206896
P05-3026,0.6352941176470588,0.450592885375494,0.5254901960784314
P06-1004,0.4122137404580153,0.09302325581395349,0.22900763358778625
P06-1005,0.4641350210970464,0.1276595744680851,0.21940928270042195
P06-1009,0.4271844660194175,0.19607843137254904,0.31067961165048547
P06-1010,0.29253731343283584,0.09609609609609608,0.19701492537313434
P06-1011,0.4260355029585799,0.16766467065868262,0.28402366863905326
P06-1014,0.4,0.14634146341463414,0.24000000000000002
P06-1015,0.4112149532710281,0.12264150943396224,0.2523364485981308
P06-1032,0.24752475247524755,0.030000000000000002,0.13861386138613863
P06-1038,0.415929203539823,0.0982142857142857,0.21238938053097348
P06-1043,0.3412969283276451,0.041237113402061855,0.1501706484641638
P06-1055,0.34285714285714286,0.07692307692307691,0.15238095238095237
P06-1066,0.4217687074829932,0.11034482758620688,0.21768707482993196
P06-1067,0.3442622950819672,0.15,0.22950819672131148
P06-1072,0.2824858757062147,0.03428571428571429,0.13559322033898305
P06-1077,0.5548387096774193,0.4313725490196079,0.4774193548387097
P06-1084,0.3937823834196891,0.05729166666666667,0.155440414507772
P06-1085,0.3563218390804597,0.10465116279069768,0.1954022988505747
P06-1091,0.2937062937062937,0.0851063829787234,0.20979020979020982
P06-1095,0.4916201117318435,0.33898305084745767,0.4357541899441341
P06-1097,0.30065359477124187,0.039735099337748346,0.18300653594771243
P06-1101,0.21674876847290642,0.05970149253731343,0.15763546798029557
P06-1103,0.27838827838827834,0.02214022140221402,0.13919413919413917
P06-1104,0.59,0.3232323232323232,0.48
P06-1109,0.27932960893854747,0.13559322033898305,0.1564245810055866
P06-1114,0.3724137931034483,0.09790209790209789,0.2206896551724138
P06-1115,0.46357615894039733,0.20134228187919465,0.2913907284768212
P06-1121,0.32900432900432897,0.06986899563318778,0.18181818181818182
P06-1123,0.36904761904761907,0.1566265060240964,0.2261904761904762
P06-1124,0.28125,0.06349206349206349,0.18749999999999997
P06-1134,0.2784810126582279,0.06410256410256411,0.1518987341772152
P06-2005,0.15602836879432624,0.0,0.07092198581560284
P06-2006,0.32520325203252026,0.19834710743801653,0.2764227642276423
P06-2014,0.42528735632183906,0.03488372093023256,0.21839080459770116
P06-2066,0.28837209302325584,0.018779342723004695,0.15813953488372093
P06-2094,0.4599999999999999,0.09090909090909091,0.22999999999999995
P06-2101,0.0951188986232791,0.025094102885821833,0.05757196495619525
P06-3002,0.22099447513812154,0.022346368715083803,0.13259668508287292
P06-4020,0.12765957446808512,0.08695652173913042,0.12765957446808512
P07-1003,0.36734693877551017,0.09655172413793103,0.24489795918367346
P07-1004,0.3715846994535519,0.09944751381215468,0.19672131147540983
P07-1005,0.5,0.26865671641791045,0.2941176470588235
P07-1007,0.4827586206896552,0.23255813953488372,0.2988505747126437
P07-1019,0.04819277108433735,0.02469135802469136,0.04819277108433735
P07-1028,0.513888888888889,0.29577464788732394,0.4444444444444444
P07-1030,0.31506849315068497,0.08275862068965517,0.1780821917808219
P07-1031,0.10101010101010101,0.020618556701030927,0.08080808080808081
P07-1032,0.4700460829493088,0.12093023255813953,0.26728110599078336
P07-1034,0.576271186440678,0.41880341880341887,0.4830508474576271
P07-1036,0.36529680365296807,0.05529953917050691,0.1552511415525114
P07-1037,0.3812154696132597,0.10555555555555554,0.19337016574585633
P07-1040,0.11111111111111112,0.04225352112676057,0.06944444444444445
P07-1049,0.44578313253012053,0.20731707317073172,0.27710843373493976
P07-1055,0.3101604278074867,0.07567567567567568,0.1711229946524064
P07-1056,0.08333333333333334,0.028169014084507043,0.06944444444444445
P07-1059,0.13333333333333336,0.03389830508474576,0.11666666666666667
P07-1065,0.09655172413793102,0.055944055944055944,0.09655172413793102
P07-1073,0.546583850931677,0.3018867924528302,0.4099378881987578
P07-1091,0.28378378378378377,0.0684931506849315,0.16216216216216217
P07-1092,0.3626943005181347,0.05235602094240838,0.17616580310880828
P07-1094,0.48936170212765956,0.25,0.3333333333333333
P07-1096,0.5921787709497207,0.3163841807909604,0.44692737430167595
P07-1098,0.1509433962264151,0.038461538461538464,0.1320754716981132
P07-1106,0.4198895027624309,0.11173184357541899,0.23204419889502761
P07-1107,0.40625,0.047619047619047616,0.1875
P07-1121,0.33009708737864074,0.0588235294117647,0.13592233009708737
P07-1123,0.456140350877193,0.21301775147928997,0.36257309941520466
P07-1125,0.06153846153846154,0.031746031746031744,0.06153846153846154
P07-2045,0.0911854103343465,0.027397260273972605,0.05775075987841946
P08-1012,0.15602836879432627,0.0,0.0851063829787234
P08-1023,0.5904761904761905,0.37499999999999994,0.419047619047619
P08-1024,0.41025641025641024,0.09326424870466321,0.22564102564102562
P08-1028,0.4715447154471545,0.21487603305785125,0.35772357723577236
P08-1030,0.12403100775193798,0.0,0.09302325581395349
P08-1036,0.13592233009708737,0.0594059405940594,0.0970873786407767
P08-1043,0.36363636363636365,0.14942528735632185,0.25
P08-1064,0.49618320610687017,0.2846153846153846,0.3969465648854962
P08-1066,0.6077348066298344,0.3798882681564245,0.5082872928176796
P08-1067,0.4858757062146893,0.17142857142857146,0.2485875706214689
P08-1068,0.3946188340807175,0.15384615384615385,0.21524663677130043
P08-1076,0.5641025641025641,0.29310344827586204,0.2991452991452992
P08-1084,0.3876651982378854,0.08,0.13215859030837002
P08-1085,0.3636363636363636,0.05747126436781609,0.1931818181818182
P08-1086,0.5809523809523809,0.28846153846153844,0.40952380952380957
P08-1088,0.42424242424242425,0.09815950920245398,0.23030303030303031
P08-1090,0.2,0.05755395683453237,0.12142857142857141
P08-1101,0.451063829787234,0.17167381974248927,0.2297872340425532
P08-1102,0.527363184079602,0.371859296482412,0.4477611940298507
P08-1108,0.5058823529411766,0.19047619047619047,0.23529411764705882
P08-1109,0.1267605633802817,0.05714285714285714,0.09859154929577464
P08-1114,0.46875000000000006,0.10526315789473684,0.21875000000000003
P08-1115,0.31952662721893493,0.03592814371257484,0.16568047337278105
P08-1119,0.48305084745762705,0.2393162393162393,0.38135593220338987
P08-2007,0.17283950617283952,0.10126582278481013,0.12345679012345678
P08-2012,0.37815126050420167,0.09322033898305083,0.20168067226890757
P08-2026,0.5985401459854015,0.548148148148148,0.583941605839416
P09-1010,0.5680933852140079,0.3372549019607843,0.4747081712062256
P09-1011,0.35106382978723405,0.05376344086021505,0.2234042553191489
P09-1019,0.048387096774193554,0.03278688524590164,0.048387096774193554
P09-1026,0.4378109452736319,0.21105527638190955,0.2985074626865672
P09-1027,0.41836734693877553,0.21649484536082475,0.2755102040816327
P09-1039,0.3763440860215054,0.11956521739130434,0.24731182795698925
P09-1040,0.4468085106382979,0.15053763440860213,0.2765957446808511
P09-1042,0.33469387755102037,0.04938271604938271,0.1469387755102041
P09-1057,0.3311258278145695,0.040268456375838924,0.18543046357615892
P09-1058,0.5888324873096448,0.38974358974358975,0.48730964467005083
P09-1068,0.2978723404255319,0.04291845493562232,0.1702127659574468
P09-1074,0.5849802371541503,0.3187250996015936,0.41106719367588934
P09-1077,0.3191489361702128,0.06451612903225806,0.1702127659574468
P09-1088,0.3592814371257485,0.0606060606060606,0.2035928143712575
P09-1094,0.4880952380952381,0.18072289156626503,0.3095238095238095
P09-1104,0.37735849056603776,0.06962025316455696,0.1761006289308176
P09-1113,0.35172413793103446,0.03472222222222222,0.18620689655172412
P09-1116,0.3908045977011494,0.1627906976744186,0.2528735632183908
P09-2004,0.3137254901960784,0.07947019867549668,0.1830065359477124
P09-2012,0.24615384615384617,0.04687500000000001,0.15384615384615383
P10-1001,0.40740740740740744,0.18867924528301888,0.3148148148148148
P10-1040,0.33333333333333337,0.056179775280898875,0.17777777777777778
P10-1044,0.32231404958677684,0.03333333333333333,0.14049586776859505
P10-1052,0.29015544041450775,0.031413612565445025,0.11398963730569948
P10-1110,0.33777777777777784,0.06278026905829596,0.16
P10-1142,0.33870967741935487,0.14754098360655737,0.16129032258064516
P10-1146,0.33333333333333326,0.09090909090909091,0.1388888888888889
P10-2041,0.39800995024875624,0.09045226130653265,0.1890547263681592
P10-4002,0.4196428571428572,0.07207207207207207,0.23214285714285715
P11-1016,0.5276872964169381,0.3016393442622951,0.3778501628664495
P11-1019,0.4013840830449827,0.07665505226480837,0.17993079584775085
P11-1020,0.41134751773049644,0.12857142857142856,0.23404255319148934
P11-1038,0.3870967741935483,0.13071895424836602,0.23225806451612904
P11-1055,0.32380952380952377,0.06730769230769232,0.15238095238095237
P11-1060,0.3676470588235294,0.14925373134328357,0.22058823529411764
P11-1061,0.41340782122905023,0.1694915254237288,0.2793296089385475
P11-1098,0.3918367346938776,0.0823045267489712,0.1959183673469388
P11-1138,0.32512315270935965,0.01990049751243781,0.14778325123152708
P11-2008,0.2185792349726776,0.03314917127071823,0.14207650273224043
P11-2031,0.36809815950920244,0.07453416149068322,0.147239263803681
P11-2033,0.3734939759036144,0.13414634146341461,0.1686746987951807
P12-1092,0.4366812227074236,0.15859030837004404,0.2096069868995633
P13-1045,0.10989010989010989,0.011111111111111112,0.06593406593406594
P83-1007,0.03945885005636979,0.01410039481105471,0.02423900789177001
P83-1019,0.12703330751355538,0.04809930178432893,0.07436096049573973
P83-1020,0.31496062992125984,0.2879999999999999,0.31496062992125984
P83-1021,0.28571428571428575,0.08247422680412371,0.19387755102040813
P84-1008,0.1262135922330097,0.009803921568627449,0.11650485436893204
P84-1018,0.3807439824945295,0.04835164835164835,0.15317286652078774
P84-1075,0.482051282051282,0.13471502590673573,0.2564102564102564
P85-1008,0.04311872415829888,0.03692762186115214,0.03691671588895452
P86-1004,0.8942598187311178,0.8267477203647415,0.8942598187311178
P86-1031,0.05701754385964913,0.026431718061674006,0.03947368421052632
P87-1015,0.2967032967032967,0.08888888888888888,0.2087912087912088
P87-1022,0.24161073825503354,0.027210884353741496,0.1476510067114094
P87-1033,0.27659574468085113,0.021739130434782608,0.1276595744680851
P88-1012,0.7931034482758621,0.719298245614035,0.7931034482758621
P88-1015,0.27737226277372257,0.014814814814814814,0.11678832116788321
P88-1020,0.09274873524451939,0.02871621621621622,0.05396290050590219
P89-1002,0.34782608695652173,0.07547169811320754,0.18633540372670807
P89-1010,0.0912863070539419,0.005547850208044383,0.05532503457814661
P89-1031,0.6444444444444445,0.6067415730337079,0.6444444444444445
P90-1005,0.38709677419354843,0.11475409836065573,0.2096774193548387
P90-1032,0.4607329842931937,0.2222222222222222,0.3455497382198953
P90-1034,0.21666666666666667,0.01680672268907563,0.11666666666666667
P91-1017,0.2695035460992908,0.07857142857142857,0.1773049645390071
P91-1022,0.3877551020408163,0.06164383561643836,0.19727891156462582
P91-1023,0.22026431718061676,0.035555555555555556,0.13215859030837004
P91-1027,0.3734939759036145,0.2682926829268293,0.3734939759036145
P91-1030,0.20689655172413793,0.05405405405405405,0.13793103448275862
P91-1034,0.4251968503937008,0.06399999999999999,0.23622047244094488
P92-1005,0.29032258064516125,0.06521739130434782,0.15053763440860216
P92-1008,0.6837606837606838,0.6086956521739131,0.6153846153846154
P92-1017,0.1518987341772152,0.07792207792207792,0.1518987341772152
P92-1032,0.04216867469879518,0.012121212121212121,0.03614457831325301
P93-1001,0.2689075630252101,0.0423728813559322,0.12605042016806722
P93-1002,0.38636363636363635,0.1724137931034483,0.2840909090909091
P93-1003,0.375,0.10526315789473685,0.22916666666666669
P93-1005,0.09523809523809525,0.017892644135188866,0.06746031746031747
P93-1016,0.2916666666666667,0.1267605633802817,0.18055555555555555
P93-1020,0.5617977528089887,0.3181818181818182,0.41573033707865165
P93-1022,0.378698224852071,0.09580838323353294,0.1775147928994083
P93-1023,0.3466666666666667,0.08071748878923768,0.20444444444444446
P93-1024,0.27999999999999997,0.030303030303030304,0.15
P93-1032,0.3225806451612903,0.1311475409836066,0.25806451612903225
P93-1035,0.5381526104417671,0.29959514170040485,0.40160642570281124
P93-1041,0.15238095238095237,0.0970873786407767,0.15238095238095237
P94-1002,0.3597883597883598,0.0641711229946524,0.21164021164021163
P94-1012,0.3255813953488372,0.23809523809523808,0.3255813953488372
P94-1013,0.32967032967032966,0.10332103321033209,0.22710622710622713
P94-1019,0.3644859813084112,0.04716981132075472,0.15887850467289721
P94-1020,0.407514450867052,0.13623188405797104,0.1560693641618497
P95-1007,0.13290113452188004,0.026016260162601626,0.0713128038897893
P95-1021,0.012173913043478262,0.006092254134029591,0.011304347826086957
P95-1026,0.2660098522167488,0.05970149253731343,0.16748768472906403
P95-1034,0.38613861386138615,0.1,0.22772277227722773
P95-1037,0.29906542056074764,0.043887147335423204,0.12461059190031153
P95-1050,0.33142857142857146,0.03468208092485549,0.19428571428571426
P96-1006,0.62,0.5252525252525252,0.6
P96-1008,0.28451882845188287,0.07594936708860761,0.16736401673640167
P96-1011,0.2929936305732484,0.038709677419354833,0.14012738853503187
P96-1021,0.15894039735099338,0.01327433628318584,0.08167770419426049
P96-1024,0.39148936170212767,0.11158798283261803,0.2723404255319149
P96-1025,0.2972136222910217,0.09345794392523364,0.1609907120743034
P96-1027,0.03772357723577236,0.03449397982427595,0.03577235772357723
P96-1038,0.5810055865921787,0.519774011299435,0.5698324022346369
P96-1041,0.21487603305785125,0.13445378151260506,0.1983471074380165
P96-1042,0.4694835680751174,0.1895734597156398,0.2816901408450704
P97-1003,0.28915662650602414,0.09876543209876543,0.24096385542168675
P97-1005,0.2487046632124352,0.010471204188481676,0.13471502590673576
P97-1009,0.42666666666666664,0.22972972972972974,0.26666666666666666
P97-1013,0.38399999999999995,0.1463414634146341,0.224
P97-1017,0.2959183673469388,0.08247422680412372,0.18367346938775508
P97-1023,0.3386243386243386,0.0962566844919786,0.20105820105820105
P97-1035,0.4210526315789473,0.2,0.2894736842105263
P97-1041,0.5185185185185185,0.33962264150943394,0.4444444444444444
P97-1063,0.40701754385964917,0.10600706713780918,0.19649122807017544
P98-1010,0.4322916666666667,0.1518324607329843,0.22916666666666666
P98-1012,0.16666666666666669,0.13846153846153847,0.16666666666666669
P98-1013,0.3593220338983051,0.0955631399317406,0.17627118644067796
P98-1029,0.3065134099616858,0.0694980694980695,0.16858237547892718
P98-1034,0.3913043478260869,0.18681318681318684,0.29347826086956524
P98-1035,0.5234899328859061,0.23129251700680273,0.37583892617449666
P98-1046,0.5446009389671361,0.3412322274881517,0.431924882629108
P98-1081,0.34177215189873417,0.08974358974358974,0.21518987341772153
P98-1112,0.1414141414141414,0.0,0.0808080808080808
P98-2127,0.39639639639639634,0.09174311926605504,0.23423423423423426
P98-2143,0.4306569343065693,0.11764705882352941,0.21897810218978103
P98-2173,0.46494464944649444,0.1486988847583643,0.24354243542435425
P98-2177,0.37383177570093457,0.14150943396226415,0.23364485981308414
P98-2180,0.17204301075268819,0.04395604395604395,0.12903225806451615
P98-2182,0.23783783783783782,0.04371584699453552,0.11891891891891891
P98-2204,0.3505154639175258,0.25263157894736843,0.28865979381443296
P99-1004,0.2337662337662338,0.02666666666666666,0.18181818181818185
P99-1008,0.46715328467153283,0.26666666666666666,0.364963503649635
P99-1014,0.35443037974683544,0.10256410256410256,0.24050632911392408
P99-1016,0.21428571428571425,0.01818181818181818,0.14285714285714285
P99-1032,0.6000000000000001,0.4482758620689656,0.5666666666666667
P99-1041,0.4936708860759494,0.2564102564102564,0.34177215189873417
P99-1042,0.2945205479452055,0.05517241379310344,0.15753424657534246
P99-1048,0.1118881118881119,0.04255319148936171,0.09790209790209792
P99-1059,0.2162162162162162,0.021857923497267763,0.15135135135135136
P99-1065,0.3511450381679389,0.124031007751938,0.2595419847328244
P99-1067,0.3610315186246418,0.1095100864553314,0.2177650429799427
P99-1068,0.22222222222222224,0.030075187969924814,0.1333333333333333
P99-1069,0.38834951456310685,0.1188118811881188,0.2718446601941748
P99-1071,0.27860696517412936,0.10050251256281408,0.1592039800995025
S10-1010,0.2884615384615385,0.058823529411764705,0.17307692307692307
S10-1011,0.47488584474885837,0.16589861751152074,0.2465753424657534
S12-1053,0.3222748815165877,0.05741626794258373,0.1516587677725119
W00-0403,0.5581395348837209,0.23622047244094488,0.41860465116279066
W00-0712,0.4568965517241379,0.2434782608695652,0.3275862068965517
W00-0717,0.18181818181818182,0.04366812227074236,0.09523809523809525
W00-1201,0.2439024390243902,0.01652892561983471,0.1463414634146341
W00-1303,0.3742331288343558,0.11111111111111112,0.20858895705521474
W00-1308,0.3016759776536313,0.022598870056497175,0.1787709497206704
W00-1401,0.22388059701492538,0.0303030303030303,0.14925373134328357
W00-1427,0.38554216867469876,0.1376518218623482,0.248995983935743
W01-0501,0.5714285714285714,0.2610966057441253,0.3376623376623377
W01-0511,0.3448275862068965,0.12790697674418605,0.21839080459770116
W01-0513,0.42016806722689076,0.13675213675213674,0.3025210084033613
W01-0514,0.21333333333333335,0.0821917808219178,0.18666666666666668
W01-0521,0.36018957345971564,0.08612440191387559,0.18009478672985782
W01-1313,0.3392857142857143,0.01818181818181818,0.17857142857142855
W01-1605,0.2040816326530612,0.0,0.1020408163265306
W02-0109,0.2032085561497326,0.032432432432432434,0.10695187165775402
W02-0301,0.6310160427807487,0.3675675675675676,0.4385026737967915
W02-0505,0.32258064516129037,0.07608695652173914,0.21505376344086022
W02-0603,0.3354037267080745,0.10062893081761007,0.2236024844720497
W02-0817,0.4331210191082802,0.18064516129032257,0.3057324840764331
W02-0902,0.35185185185185186,0.09433962264150944,0.2222222222222222
W02-0908,0.4285714285714286,0.2096774193548387,0.38095238095238093
W02-1001,0.6368715083798883,0.47457627118644063,0.5810055865921788
W02-1006,0.4150943396226416,0.1656050955414013,0.27672955974842767
W02-1011,0.3657142857142857,0.10404624277456648,0.18285714285714286
W02-1018,0.04645025072578516,0.040665434380776334,0.04433887569279494
W02-1021,0.12037037037037036,0.018691588785046728,0.08333333333333333
W02-1028,0.3885714285714285,0.1271676300578035,0.25142857142857145
W02-1039,0.24,0.016260162601626018,0.14400000000000002
W02-1210,0.32989690721649484,0.08421052631578947,0.22680412371134023
W02-1502,0.14457831325301204,0.04938271604938272,0.09638554216867468
W02-1503,0.15384615384615385,0.0,0.15384615384615385
W02-2016,0.46721311475409827,0.2727272727272727,0.29508196721311475
W02-2018,0.47619047619047616,0.40641711229946526,0.47619047619047616
W02-2026,0.014492753623188406,0.0,0.010144927536231883
W03-0301,0.13377926421404682,0.0,0.0802675585284281
W03-0404,0.40540540540540543,0.1780821917808219,0.28378378378378377
W03-0405,0.3243243243243243,0.04109589041095891,0.1891891891891892
W03-0407,0.16774193548387095,0.039215686274509796,0.1161290322580645
W03-0424,0.08333333333333333,0.05714285714285714,0.08333333333333333
W03-0425,0.2857142857142857,0.05454545454545454,0.16071428571428573
W03-0428,0.4558823529411765,0.2388059701492537,0.2941176470588235
W03-0501,0.11627906976744187,0.023529411764705882,0.09302325581395349
W03-1006,0.29166666666666663,0.028169014084507043,0.1527777777777778
W03-1008,0.31460674157303375,0.11494252873563218,0.2247191011235955
W03-1011,0.5581395348837208,0.3149606299212599,0.46511627906976744
W03-1014,0.45751633986928103,0.1456953642384106,0.30065359477124187
W03-1017,0.40310077519379844,0.09374999999999999,0.22480620155038758
W03-1028,0.3963963963963964,0.1181818181818182,0.22522522522522523
W03-1508,0.35502958579881655,0.07185628742514971,0.20118343195266272
W03-1719,0.2206896551724138,0.0763888888888889,0.1793103448275862
W03-1728,0.1461038961038961,0.03908794788273615,0.07792207792207792
W03-1730,0.2672811059907834,0.027906976744186043,0.15668202764976957
W03-1809,0.3538461538461538,0.09375000000000001,0.26153846153846155
W03-1810,0.4878048780487805,0.11822660098522167,0.2731707317073171
W03-1812,0.2585034013605442,0.06896551724137932,0.19047619047619047
W04-0308,0.44047619047619047,0.1807228915662651,0.28571428571428575
W04-0803,0.19999999999999998,0.05263157894736842,0.1217391304347826
W04-0807,0.6086956521739131,0.5074626865671642,0.6086956521739131
W04-0811,0.08542713567839195,0.02525252525252525,0.05025125628140704
W04-1013,0.3125,0.042105263157894736,0.13541666666666666
W04-2319,0.9770992366412213,0.9767441860465117,0.9770992366412213
W04-2401,0.34825870646766166,0.09045226130653267,0.1791044776119403
W04-2406,0.07317073170731707,0.012345679012345678,0.06097560975609756
W04-2407,0.12698412698412698,0.06451612903225806,0.1111111111111111
W04-2609,0.0736196319018405,0.012422360248447206,0.06134969325153374
W04-2705,0.044444444444444446,0.0,0.044444444444444446
W04-3103,0.23255813953488375,0.06299212598425195,0.18604651162790695
W04-3111,0.40993788819875776,0.18867924528301885,0.32298136645962733
W04-3201,0.3474178403755868,0.037914691943127965,0.16901408450704228
W04-3205,0.3654822335025381,0.14358974358974358,0.2131979695431472
W04-3206,0.32,0.04040404040404041,0.15
W04-3207,0.6363636363636364,0.4597701149425287,0.5568181818181818
W04-3208,0.38345864661654133,0.1590909090909091,0.24060150375939848
W04-3212,0.42162162162162165,0.1092896174863388,0.21621621621621623
W04-3213,0.4424778761061947,0.08928571428571427,0.24778761061946908
W04-3219,0.36548223350253806,0.08205128205128205,0.16243654822335027
W04-3230,0.36595744680851067,0.1630901287553648,0.2127659574468085
W04-3236,0.26666666666666666,0.17647058823529413,0.23333333333333334
W04-3237,0.25,0.026086956521739132,0.14655172413793105
W04-3239,0.43049327354260086,0.14479638009049775,0.25112107623318386
W04-3247,0.45267489711934156,0.08298755186721991,0.21399176954732507
W04-3250,0.12048192771084336,0.02469135802469136,0.09638554216867469
W04-3252,0.3131313131313131,0.13265306122448978,0.2121212121212121
W04-3253,0.4505928853754941,0.11155378486055778,0.22134387351778656
W05-0602,0.3404255319148936,0.08633093525179857,0.21276595744680854
W05-0625,0.40552995391705066,0.08372093023255814,0.2119815668202765
W05-0904,0.27499999999999997,0.06722689075630252,0.15833333333333333
W05-1203,0.6503067484662576,0.49689440993788825,0.6134969325153374
W05-1506,0.2605633802816901,0.021276595744680854,0.176056338028169
W05-1513,0.4518828451882846,0.1181434599156118,0.21757322175732216
W06-0301,0.4166666666666667,0.11214953271028039,0.20370370370370372
W06-1203,0.34782608695652173,0.10989010989010989,0.20652173913043478
W06-1606,0.26016260162601623,0.06611570247933884,0.14634146341463414
W06-1607,0.31666666666666665,0.01694915254237288,0.2
W06-1615,0.40625,0.08661417322834646,0.1953125
W06-1616,0.31645569620253167,0.05128205128205128,0.16455696202531644
W06-1639,0.302158273381295,0.029197080291970802,0.17266187050359713
W06-1642,0.334841628959276,0.08219178082191782,0.2171945701357466
W06-1651,0.41379310344827586,0.1527777777777778,0.2482758620689655
W06-1670,0.43290043290043295,0.10480349344978167,0.2510822510822511
W06-2501,0.4694835680751174,0.37914691943127965,0.4225352112676056
W06-2915,0.48255813953488375,0.23976608187134507,0.29651162790697677
W06-2920,0.3243243243243243,0.07782101167315175,0.1467181467181467
W06-2932,0.34108527131782945,0.047244094488188976,0.18604651162790697
W06-2933,0.3119266055045872,0.037383177570093455,0.1651376146788991
W06-3105,0.26804123711340205,0.06250000000000001,0.13402061855670103
W06-3108,0.524822695035461,0.27338129496402874,0.43971631205673756
W06-3114,0.024157020634121795,0.0,0.01509813789632612
W06-3119,0.3865546218487395,0.0847457627118644,0.1848739495798319
W06-3601,0.8514056224899599,0.7773279352226721,0.8353413654618473
W06-3808,0.3434343434343434,0.11224489795918367,0.22222222222222218
W06-3812,0.2589928057553957,0.029197080291970805,0.21582733812949642
W07-0403,0.3138461538461539,0.06811145510835914,0.2276923076923077
W07-0702,0.45977011494252873,0.13953488372093023,0.25287356321839083
W07-0717,0.3709677419354838,0.16260162601626016,0.25806451612903225
W07-0718,0.13084112149532712,0.019047619047619046,0.11214953271028037
W07-0733,0.306695464362851,0.06073752711496746,0.16846652267818576
W07-0734,0.46009389671361506,0.21800947867298578,0.28169014084507044
W07-1401,0.10596026490066225,0.026845637583892617,0.09271523178807947
W07-1604,0.41860465116279066,0.1953125,0.3333333333333333
W07-2002,0.31088082901554404,0.03141361256544503,0.1865284974093264
W07-2006,0.3174603174603175,0.13114754098360654,0.25396825396825395
W07-2009,0.3250883392226149,0.12099644128113878,0.21201413427561838
W07-2012,0.2127659574468085,0.043478260869565216,0.1702127659574468
W07-2014,0.20987654320987656,0.024999999999999998,0.12345679012345677
W07-2016,0.4,0.05479452054794521,0.21333333333333335
W07-2018,0.3367003367003367,0.08135593220338984,0.16161616161616163
W07-2216,0.27329192546583847,0.0880503144654088,0.14906832298136646
W08-0309,0.13445378151260504,0.034188034188034185,0.13445378151260504
W08-0336,0.3308823529411764,0.06666666666666667,0.1544117647058824
W08-0509,0.31007751937984496,0.07874015748031496,0.17054263565891473
W08-1301,0.32307692307692304,0.078125,0.23076923076923078
W08-2102,0.15584415584415584,0.013157894736842106,0.1038961038961039
W08-2121,0.34408602150537637,0.08695652173913042,0.2473118279569893
W09-0401,0.20408163265306123,0.125,0.20408163265306123
W09-0424,0.5104166666666666,0.2736842105263158,0.4479166666666667
W09-0432,0.27309236947791166,0.05668016194331983,0.14457831325301207
W09-0441,0.18085106382978725,0.053763440860215055,0.11702127659574468
W09-1105,0.6022727272727273,0.3333333333333333,0.45454545454545453
W09-1119,0.45161290322580644,0.22826086956521738,0.3763440860215054
W09-1304,0.5046728971962616,0.3113207547169811,0.3738317757009346
W09-1401,0.3668639053254438,0.11976047904191615,0.27218934911242604
W10-0204,0.15294117647058825,0.09523809523809525,0.15294117647058825
W10-0701,0.13333333333333333,0.0,0.13333333333333333
W10-1703,0.19801980198019803,0.1212121212121212,0.19801980198019803
W10-2805,0.19999999999999998,0.10810810810810811,0.17333333333333334
W10-2903,0.35398230088495575,0.03571428571428571,0.168141592920354
W10-3001,0.4050632911392405,0.16666666666666666,0.31645569620253167
W11-0705,0.2823529411764706,0.05952380952380953,0.2
W11-1801,0.29411764705882354,0.08,0.1568627450980392
W11-1802,0.1904761904761905,0.05825242718446602,0.13333333333333336
W11-1901,0.29090909090909095,0.04587155963302752,0.13636363636363635
W11-1902,0.16216216216216217,0.07339449541284405,0.14414414414414414
W11-2103,0.15625,0.11111111111111112,0.15625
W11-2107,0.42857142857142855,0.15789473684210528,0.3116883116883117
W11-2123,0.3241106719367589,0.0398406374501992,0.15019762845849802
W12-3102,0.2429906542056075,0.1142857142857143,0.22429906542056074
W93-0301,0.34220532319391633,0.04597701149425288,0.16730038022813687
W94-0319,0.5599999999999999,0.2857142857142857,0.34181818181818185
W95-0101,0.36633663366336633,0.07999999999999999,0.22772277227722773
W95-0103,0.3513513513513513,0.0958904109589041,0.1891891891891892
W95-0104,0.19658119658119658,0.06896551724137932,0.13675213675213677
W95-0105,0.30303030303030304,0.024539877300613498,0.1818181818181818
W95-0107,0.24000000000000002,0.05405405405405405,0.14666666666666664
W95-0115,0.32931726907630515,0.0,0.13654618473895583
W96-0102,0.3549295774647887,0.1076487252124646,0.19718309859154928
W96-0208,0.2877697841726618,0.2043795620437956,0.23021582733812948
W96-0213,0.38848920863309355,0.10218978102189781,0.2302158273381295
W96-0214,0.38866396761133604,0.11428571428571428,0.22672064777327938
W97-0109,0.36363636363636365,0.08588957055214724,0.24242424242424246
W97-0119,0.37662337662337664,0.18421052631578946,0.2857142857142857
W97-0209,0.2589285714285714,0.06306306306306307,0.15178571428571427
W97-0301,0.2874251497005988,0.2545454545454546,0.2874251497005988
W97-0302,0.4491978609625668,0.0972972972972973,0.18181818181818182
W97-0311,0.3788546255506608,0.06222222222222223,0.1497797356828194
W97-0313,0.49264705882352944,0.22962962962962963,0.27941176470588236
W97-0322,0.3707865168539326,0.07954545454545454,0.24719101123595505
W97-0713,0.37965260545905705,0.13930348258706468,0.22580645161290322
W97-0802,0.24050632911392406,0.02564102564102564,0.17721518987341772
W97-1306,0.11274509803921569,0.01477832512315271,0.09313725490196079
W98-0705,0.16666666666666666,0.010526315789473686,0.125
W98-1106,0.019384745048461865,0.008435259384226065,0.015170670037926675
W98-1115,0.30476190476190473,0.038461538461538464,0.13333333333333333
W98-1118,0.5528455284552847,0.36065573770491804,0.4796747967479675
W98-1119,0.356060606060606,0.08396946564885496,0.16666666666666666
W98-1411,0.24074074074074076,0.05660377358490566,0.11111111111111112
W99-0501,0.05607476635514018,0.0,0.05607476635514018
W99-0604,0.08284023668639054,0.021352313167259787,0.05207100591715977
W99-0611,0.5202312138728324,0.3157894736842105,0.31213872832369943
W99-0612,0.2692307692307693,0.025974025974025976,0.1794871794871795
W99-0613,0.40186915887850466,0.19811320754716982,0.22429906542056074
W99-0623,0.2742857142857143,0.023121387283236993,0.14857142857142858
W99-0625,0.055915721231766614,0.047020672882042966,0.04943273905996758
W99-0629,0.10989010989010987,0.0449438202247191,0.10989010989010987
